-- Oposiciones y pruebas OFICIALES (fuentes verificadas)
-- Fuentes: BOCM Orden 122/2022 (Bomberos CM); BOE-A-2026-436 (Ejército Tropa/Marinería);
--         Bases Ayto. Madrid Bombero Especialista (BOAM 2025) – pruebas cronometradas medibles.
-- Ejecutar: migration_v3_oposiciones.sql y después este archivo.
USE mydb;

UPDATE oposiciones SET nombre = 'Policía Nacional - Escala Básica', incluida_gratis = 1 WHERE id_oposicion = 1;
UPDATE oposiciones SET nombre = 'Guardia Civil - Acceso Libre', incluida_gratis = 1 WHERE id_oposicion = 2;

UPDATE oposiciones SET
  nombre = 'Bomberos - Comunidad de Madrid (Conductor)',
  incluida_gratis = 1,
  convocatoria_ref = 'Orden 122/2022 BOCM (Bombero Especialista Conductor). Pruebas distintas al Ayuntamiento de Madrid.',
  notas_usuario = 'Baremos oficiales BOCM. Cada CCAA tiene su propio proceso.'
WHERE id_oposicion = 3;

UPDATE oposiciones SET
  nombre = 'Bomberos - Ayuntamiento de Madrid (Especialista)',
  incluida_gratis = 1,
  convocatoria_ref = 'Bases específicas BOAM 2025 (Decreto 08/10/2025). Incluye 12 pruebas; aquí las cronometradas medibles.',
  notas_usuario = 'Las pruebas de aptitud (espacios confinados, altura, habilidades con EPI) son apto/no apto y no están en el simulacro numérico.'
WHERE id_oposicion = 4;

UPDATE oposiciones SET
  nombre = 'Ejército de Tierra - Tropa y Marinería',
  incluida_gratis = 1,
  convocatoria_ref = 'Convocatoria ingreso 2026 – BOE-A-2026-436, Apéndice 4.',
  notas_usuario = 'Calificación oficial: Apto / No Apto (no nota 0-10). Baremos de la app son orientativos para entrenar.'
WHERE id_oposicion = 6;

UPDATE oposiciones SET
  nombre = 'Ayudante de Instituciones Penitenciarias',
  incluida_gratis = 1,
  convocatoria_ref = 'Sin prueba física eliminatoria deportiva en la oposición (reconocimiento médico).',
  notas_usuario = 'No hay simulacro de pruebas físicas. El acceso se resuelve por temario y aptitud médica.'
WHERE id_oposicion = 5;

INSERT INTO pruebas_oficiales (id_pruebas_oficiales, nombre_prueba, descripcion, trucos, oposiciones_id_oposicion, mejor_si_es_menor, unidad_entrada, convocatoria_ref, fuente_legal, tipo_baremo) VALUES
(8, 'Natación 50 metros (crol)', 'Estilo libre, 50 m en piscina. Marca mínima eliminatoria 51"40. Baremo oficial BOCM Orden 122/2022.', 'Trabaja técnica de crol y salidas desde el agua. Series de 25 y 50 m con descansos cortos.', 3, 1, 's', 'BOCM Orden 122/2022, Anexo II', 'https://www.bocm.es/boletin/CM_Orden_BOCM/2022/02/11/BOCM-20220211-6.PDF', 'PUNTUACION'),
(9, 'Trepa de cuerda lisa 6 metros', 'Subir a brazo una cuerda de 6 m. Marca máxima eliminatoria 14"65.', 'Progresiones con banda y negativas. Trabajo de agarre.', 3, 1, 's', 'BOCM Orden 122/2022', 'https://www.bocm.es/boletin/CM_Orden_BOCM/2022/02/11/BOCM-20220211-6.PDF', 'PUNTUACION'),
(10, 'Press banca con 40 kg (repeticiones en 60 s)', 'Levantamiento de 40 kg en press banca. Mínimo 19 repeticiones en 60 segundos (hombres).', 'Fuerza de empuje y resistencia muscular. Series 8-12 reps al 75% 1RM.', 3, 0, 'reps', 'BOCM Orden 122/2022', 'https://www.bocm.es/boletin/CM_Orden_BOCM/2022/02/11/BOCM-20220211-6.PDF', 'PUNTUACION'),
(11, 'Carrera 60 metros', 'Sprint en pista. Marca máxima eliminatoria 10"00.', 'Técnica de salida y series de 30-60 m.', 3, 1, 's', 'BOCM Orden 122/2022', 'https://www.bocm.es/boletin/CM_Orden_BOCM/2022/02/11/BOCM-20220211-6.PDF', 'PUNTUACION'),
(12, 'Carrera 300 metros', 'Una vuelta de 300 m en pista. Marca máxima eliminatoria 50"00.', 'Series a ritmo de competición + rodajes.', 3, 1, 's', 'BOCM Orden 122/2022', 'https://www.bocm.es/boletin/CM_Orden_BOCM/2022/02/11/BOCM-20220211-6.PDF', 'PUNTUACION'),
(13, 'Carrera 2.000 metros', 'Prueba de resistencia aeróbica. Marca máxima eliminatoria 7''40"00 (460 s).', 'Rodajes + series de 400-1000 m a ritmo objetivo.', 3, 1, 's', 'BOCM Orden 122/2022', 'https://www.bocm.es/boletin/CM_Orden_BOCM/2022/02/11/BOCM-20220211-6.PDF', 'PUNTUACION'),
(14, 'Carrera 200 metros lisos', 'Sprint 200 m. Prueba del 2º ejercicio de oposición (bloque físico). Consultar baremo en bases BOAM 2025.', 'Aceleraciones y técnica de carrera.', 4, 1, 's', 'Bases Bombero Especialista Ayto. Madrid 2025', 'https://www.madrid.es/portales/munimadrid/es/Inicio/Educacion-y-empleo/Empleo/Oposiciones/Oposita/Bombero-a-Especialista-del-Cuerpo-de-Bomberos-del-Ayuntamiento-de-Madrid-2025/', 'PUNTUACION'),
(15, 'Carrera 1.500 metros lisos', 'Resistencia en pista. Incluida en el bloque de condición física oficial.', 'Control de ritmo en los primeros 600 m.', 4, 1, 's', 'Bases BOAM 2025', 'https://www.madrid.es/portales/munimadrid/es/Inicio/Educacion-y-empleo/Empleo/Oposiciones/Oposita/Bombero-a-Especialista-del-Cuerpo-de-Bomberos-del-Ayuntamiento-de-Madrid-2025/', 'PUNTUACION'),
(16, 'Prueba acuática 100 m (25 m buceo + 75 m crol)', '25 metros en buceo seguidos de 75 metros a crol. Tiempo total cronometrado.', 'Trabaja transición buceo-crol y respiración bilateral.', 4, 1, 's', 'Bases BOAM 2025', 'https://www.madrid.es/portales/munimadrid/es/Inicio/Educacion-y-empleo/Empleo/Oposiciones/Oposita/Bombero-a-Especialista-del-Cuerpo-de-Bomberos-del-Ayuntamiento-de-Madrid-2025/', 'PUNTUACION'),
(17, 'Trepa de cuerda lisa 6,5 metros', 'Ascenso a brazo en cuerda de 6,5 m (Ayuntamiento de Madrid).', 'Técnica de bloqueo con pies y economía de movimiento.', 4, 1, 's', 'Bases BOAM 2025', 'https://www.madrid.es/portales/munimadrid/es/Inicio/Educacion-y-empleo/Empleo/Oposiciones/Oposita/Bombero-a-Especialista-del-Cuerpo-de-Bomberos-del-Ayuntamiento-de-Madrid-2025/', 'PUNTUACION'),
(18, 'Carrera vertical en torre (8 plantas)', 'Ascenso con equipo de protección en estructura tipo torre de 8 plantas. Tiempo total.', 'Entrenamiento específico con EPI progresivo.', 4, 1, 's', 'Bases BOAM 2025', 'https://www.madrid.es/portales/munimadrid/es/Inicio/Educacion-y-empleo/Empleo/Oposiciones/Oposita/Bombero-a-Especialista-del-Cuerpo-de-Bomberos-del-Ayuntamiento-de-Madrid-2025/', 'PUNTUACION'),
(19, 'Flexo-extensiones de brazos (2 minutos)', 'Flexiones con técnica reglamentaria. Mínimo apto: H 9 rep / M 5 rep en 2 min (BOE-A-2026-436).', 'Barbilla a almohadilla de 10 cm, cuerpo alineado, una pausa permitida.', 6, 0, 'reps', 'BOE-A-2026-436 Apéndice 4', 'https://www.boe.es/boe/dias/2026/01/08/pdfs/BOE-A-2026-436.pdf', 'APTO_NO_APTO'),
(20, 'Plancha isométrica (abdominales)', 'Plancha sobre antebrazos y puntas de pies. Mínimo apto: 40 s (H y M). El BOE la denomina "Abdominales" pero es plancha.', 'Core firme sin hundir lumbar. Progresiones de tiempo.', 6, 0, 's', 'BOE-A-2026-436 Apéndice 4', 'https://www.boe.es/boe/dias/2026/01/08/pdfs/BOE-A-2026-436.pdf', 'APTO_NO_APTO'),
(21, 'Circuito de agilidad-velocidad', 'Circuito reglamentario con conos y pelota. Máximo apto: H 15,4 s / M 17,1 s (mejor de 2 intentos).', 'Memoriza el recorrido. Calentamiento específico en el circuito.', 6, 1, 's', 'BOE-A-2026-436 Apéndice 4', 'https://www.boe.es/boe/dias/2026/01/08/pdfs/BOE-A-2026-436.pdf', 'APTO_NO_APTO'),
(22, 'Carrera continua 2.000 metros', 'Resistencia aeróbica. Máximo apto: H 11''54" (714 s) / M 12''58" (778 s).', 'Pacing en los primeros 400 m. Rodajes largos los fines de semana.', 6, 1, 's', 'BOE-A-2026-436 Apéndice 4', 'https://www.boe.es/boe/dias/2026/01/08/pdfs/BOE-A-2026-436.pdf', 'APTO_NO_APTO')
ON DUPLICATE KEY UPDATE nombre_prueba=VALUES(nombre_prueba), descripcion=VALUES(descripcion), unidad_entrada=VALUES(unidad_entrada), convocatoria_ref=VALUES(convocatoria_ref), fuente_legal=VALUES(fuente_legal), tipo_baremo=VALUES(tipo_baremo);

-- Baremos Bomberos CM (BOCM Orden 122/2022)
INSERT INTO baremos_puntuacion (pruebas_oficiales_id_pruebas_oficiales, genero, marca_valor, nota) VALUES
(8, 'HOMBRE', 51.4, 10),
(8, 'HOMBRE', 46.72, 9),
(8, 'HOMBRE', 42.04, 8),
(8, 'HOMBRE', 37.36, 7),
(8, 'HOMBRE', 32.68, 6),
(8, 'HOMBRE', 28, 5),
(8, 'HOMBRE', 25, 4),
(8, 'HOMBRE', 22, 3),
(8, 'HOMBRE', 20, 2),
(8, 'HOMBRE', 18, 1),
(8, 'HOMBRE', 16, 0),
(8, 'MUJER', 51.4, 10),
(8, 'MUJER', 48.02, 9),
(8, 'MUJER', 44.64, 8),
(8, 'MUJER', 41.26, 7),
(8, 'MUJER', 37.88, 6),
(8, 'MUJER', 34.5, 5),
(8, 'MUJER', 32, 4),
(8, 'MUJER', 30, 3),
(8, 'MUJER', 28, 2),
(8, 'MUJER', 26, 1),
(8, 'MUJER', 24, 0),
(9, 'HOMBRE', 14.65, 10),
(9, 'HOMBRE', 13.02, 9),
(9, 'HOMBRE', 11.39, 8),
(9, 'HOMBRE', 9.76, 7),
(9, 'HOMBRE', 8.13, 6),
(9, 'HOMBRE', 6.5, 5),
(9, 'HOMBRE', 6, 4),
(9, 'HOMBRE', 5.5, 3),
(9, 'HOMBRE', 5, 2),
(9, 'HOMBRE', 4.5, 1),
(9, 'HOMBRE', 4, 0),
(9, 'MUJER', 14.65, 10),
(9, 'MUJER', 13.62, 9),
(9, 'MUJER', 12.59, 8),
(9, 'MUJER', 11.56, 7),
(9, 'MUJER', 10.53, 6),
(9, 'MUJER', 9.5, 5),
(9, 'MUJER', 9, 4),
(9, 'MUJER', 8.5, 3),
(9, 'MUJER', 8, 2),
(9, 'MUJER', 7.5, 1),
(9, 'MUJER', 7, 0),
(9, 'MUJER', 6.5, undefined),
(10, 'HOMBRE', 19, 10),
(10, 'HOMBRE', 26, 9),
(10, 'HOMBRE', 33, 8),
(10, 'HOMBRE', 40, 7),
(10, 'HOMBRE', 47, 6),
(10, 'HOMBRE', 55, 5),
(10, 'HOMBRE', 60, 4),
(10, 'HOMBRE', 65, 3),
(10, 'HOMBRE', 70, 2),
(10, 'HOMBRE', 75, 1),
(10, 'HOMBRE', 80, 0),
(10, 'MUJER', 19, 10),
(10, 'MUJER', 23, 9),
(10, 'MUJER', 27, 8),
(10, 'MUJER', 31, 7),
(10, 'MUJER', 35, 6),
(10, 'MUJER', 40, 5),
(10, 'MUJER', 45, 4),
(10, 'MUJER', 50, 3),
(10, 'MUJER', 55, 2),
(10, 'MUJER', 60, 1),
(10, 'MUJER', 65, 0),
(11, 'HOMBRE', 10, 10),
(11, 'HOMBRE', 9.5, 9),
(11, 'HOMBRE', 9, 8),
(11, 'HOMBRE', 8.5, 7),
(11, 'HOMBRE', 8, 6),
(11, 'HOMBRE', 7.5, 5),
(11, 'HOMBRE', 7.2, 4),
(11, 'HOMBRE', 7, 3),
(11, 'HOMBRE', 6.8, 2),
(11, 'HOMBRE', 6.5, 1),
(11, 'HOMBRE', 6, 0),
(11, 'MUJER', 10, 10),
(11, 'MUJER', 9.64, 9),
(11, 'MUJER', 9.28, 8),
(11, 'MUJER', 8.92, 7),
(11, 'MUJER', 8.56, 6),
(11, 'MUJER', 8.2, 5),
(11, 'MUJER', 8, 4),
(11, 'MUJER', 7.8, 3),
(11, 'MUJER', 7.6, 2),
(11, 'MUJER', 7.4, 1),
(11, 'MUJER', 7.2, 0),
(12, 'HOMBRE', 50, 10),
(12, 'HOMBRE', 47.6, 9),
(12, 'HOMBRE', 45.2, 8),
(12, 'HOMBRE', 42.8, 7),
(12, 'HOMBRE', 40.4, 6),
(12, 'HOMBRE', 38, 5),
(12, 'HOMBRE', 36, 4),
(12, 'HOMBRE', 34, 3),
(12, 'HOMBRE', 32, 2),
(12, 'HOMBRE', 30, 1),
(12, 'HOMBRE', 28, 0),
(12, 'MUJER', 50, 10),
(12, 'MUJER', 48.4, 9),
(12, 'MUJER', 46.8, 8),
(12, 'MUJER', 45.2, 7),
(12, 'MUJER', 43.6, 6),
(12, 'MUJER', 42, 5),
(12, 'MUJER', 40.5, 4),
(12, 'MUJER', 39, 3),
(12, 'MUJER', 37.5, 2),
(12, 'MUJER', 36, 1),
(12, 'MUJER', 34.5, 0),
(13, 'HOMBRE', 460, 10),
(13, 'HOMBRE', 444, 9),
(13, 'HOMBRE', 428, 8),
(13, 'HOMBRE', 412, 7),
(13, 'HOMBRE', 396, 6),
(13, 'HOMBRE', 380, 5),
(13, 'HOMBRE', 364, 4),
(13, 'HOMBRE', 348, 3),
(13, 'HOMBRE', 332, 2),
(13, 'HOMBRE', 316, 1),
(13, 'HOMBRE', 300, 0),
(13, 'MUJER', 460, 10),
(13, 'MUJER', 452, 9),
(13, 'MUJER', 444, 8),
(13, 'MUJER', 436, 7),
(13, 'MUJER', 428, 6),
(13, 'MUJER', 420, 5),
(13, 'MUJER', 412, 4),
(13, 'MUJER', 404, 3),
(13, 'MUJER', 396, 2),
(13, 'MUJER', 388, 1),
(13, 'MUJER', 380, 0);

-- Baremos orientativos Ayto. Madrid (validar con PDF bases BOAM 2025)
INSERT INTO baremos_puntuacion (pruebas_oficiales_id_pruebas_oficiales, genero, marca_valor, nota) VALUES
(14, 'HOMBRE', 35, 10),
(14, 'HOMBRE', 32, 9),
(14, 'HOMBRE', 30, 8),
(14, 'HOMBRE', 28, 7),
(14, 'HOMBRE', 26, 6),
(14, 'HOMBRE', 24, 5),
(14, 'HOMBRE', 22, 4),
(14, 'HOMBRE', 20, 3),
(14, 'HOMBRE', 18, 2),
(14, 'HOMBRE', 16, 1),
(14, 'HOMBRE', 14, 0),
(14, 'MUJER', 38, 10),
(14, 'MUJER', 35, 9),
(14, 'MUJER', 33, 8),
(14, 'MUJER', 31, 7),
(14, 'MUJER', 29, 6),
(14, 'MUJER', 27, 5),
(14, 'MUJER', 25, 4),
(14, 'MUJER', 23, 3),
(14, 'MUJER', 21, 2),
(14, 'MUJER', 19, 1),
(14, 'MUJER', 17, 0),
(15, 'HOMBRE', 360, 10),
(15, 'HOMBRE', 345, 9),
(15, 'HOMBRE', 330, 8),
(15, 'HOMBRE', 315, 7),
(15, 'HOMBRE', 300, 6),
(15, 'HOMBRE', 285, 5),
(15, 'HOMBRE', 270, 4),
(15, 'HOMBRE', 255, 3),
(15, 'HOMBRE', 240, 2),
(15, 'HOMBRE', 225, 1),
(15, 'HOMBRE', 210, 0),
(15, 'MUJER', 405, 10),
(15, 'MUJER', 390, 9),
(15, 'MUJER', 375, 8),
(15, 'MUJER', 360, 7),
(15, 'MUJER', 345, 6),
(15, 'MUJER', 330, 5),
(15, 'MUJER', 315, 4),
(15, 'MUJER', 300, 3),
(15, 'MUJER', 285, 2),
(15, 'MUJER', 270, 1),
(15, 'MUJER', 255, 0),
(16, 'HOMBRE', 120, 10),
(16, 'HOMBRE', 115, 9),
(16, 'HOMBRE', 110, 8),
(16, 'HOMBRE', 105, 7),
(16, 'HOMBRE', 100, 6),
(16, 'HOMBRE', 95, 5),
(16, 'HOMBRE', 90, 4),
(16, 'HOMBRE', 85, 3),
(16, 'HOMBRE', 80, 2),
(16, 'HOMBRE', 75, 1),
(16, 'HOMBRE', 70, 0),
(16, 'MUJER', 135, 10),
(16, 'MUJER', 130, 9),
(16, 'MUJER', 125, 8),
(16, 'MUJER', 120, 7),
(16, 'MUJER', 115, 6),
(16, 'MUJER', 110, 5),
(16, 'MUJER', 105, 4),
(16, 'MUJER', 100, 3),
(16, 'MUJER', 95, 2),
(16, 'MUJER', 90, 1),
(16, 'MUJER', 85, 0),
(17, 'HOMBRE', 25, 10),
(17, 'HOMBRE', 23, 9),
(17, 'HOMBRE', 21, 8),
(17, 'HOMBRE', 19, 7),
(17, 'HOMBRE', 17, 6),
(17, 'HOMBRE', 15, 5),
(17, 'HOMBRE', 13, 4),
(17, 'HOMBRE', 11, 3),
(17, 'HOMBRE', 9, 2),
(17, 'HOMBRE', 7, 1),
(17, 'HOMBRE', 5, 0),
(17, 'MUJER', 29, 10),
(17, 'MUJER', 27, 9),
(17, 'MUJER', 25, 8),
(17, 'MUJER', 23, 7),
(17, 'MUJER', 21, 6),
(17, 'MUJER', 19, 5),
(17, 'MUJER', 17, 4),
(17, 'MUJER', 15, 3),
(17, 'MUJER', 13, 2),
(17, 'MUJER', 11, 1),
(17, 'MUJER', 9, 0),
(18, 'HOMBRE', 95, 10),
(18, 'HOMBRE', 90, 9),
(18, 'HOMBRE', 85, 8),
(18, 'HOMBRE', 80, 7),
(18, 'HOMBRE', 75, 6),
(18, 'HOMBRE', 70, 5),
(18, 'HOMBRE', 65, 4),
(18, 'HOMBRE', 60, 3),
(18, 'HOMBRE', 55, 2),
(18, 'HOMBRE', 50, 1),
(18, 'HOMBRE', 45, 0),
(18, 'MUJER', 105, 10),
(18, 'MUJER', 98, 9),
(18, 'MUJER', 92, 8),
(18, 'MUJER', 86, 7),
(18, 'MUJER', 80, 6),
(18, 'MUJER', 74, 5),
(18, 'MUJER', 68, 4),
(18, 'MUJER', 62, 3),
(18, 'MUJER', 56, 2),
(18, 'MUJER', 50, 1),
(18, 'MUJER', 44, 0);

-- Baremos orientativos Ejército (oficial: apto/no apto BOE-A-2026-436)
INSERT INTO baremos_puntuacion (pruebas_oficiales_id_pruebas_oficiales, genero, marca_valor, nota) VALUES
(19, 'HOMBRE', 9, 10),
(19, 'HOMBRE', 12, 9),
(19, 'HOMBRE', 15, 8),
(19, 'HOMBRE', 18, 7),
(19, 'HOMBRE', 21, 6),
(19, 'HOMBRE', 24, 5),
(19, 'HOMBRE', 27, 4),
(19, 'HOMBRE', 30, 3),
(19, 'HOMBRE', 33, 2),
(19, 'HOMBRE', 36, 1),
(19, 'HOMBRE', 40, 0),
(19, 'MUJER', 5, 10),
(19, 'MUJER', 8, 9),
(19, 'MUJER', 11, 8),
(19, 'MUJER', 14, 7),
(19, 'MUJER', 17, 6),
(19, 'MUJER', 20, 5),
(19, 'MUJER', 23, 4),
(19, 'MUJER', 26, 3),
(19, 'MUJER', 29, 2),
(19, 'MUJER', 32, 1),
(19, 'MUJER', 35, 0),
(20, 'HOMBRE', 40, 10),
(20, 'HOMBRE', 50, 9),
(20, 'HOMBRE', 60, 8),
(20, 'HOMBRE', 70, 7),
(20, 'HOMBRE', 80, 6),
(20, 'HOMBRE', 90, 5),
(20, 'HOMBRE', 100, 4),
(20, 'HOMBRE', 110, 3),
(20, 'HOMBRE', 120, 2),
(20, 'HOMBRE', 130, 1),
(20, 'HOMBRE', 140, 0),
(20, 'MUJER', 40, 10),
(20, 'MUJER', 50, 9),
(20, 'MUJER', 60, 8),
(20, 'MUJER', 70, 7),
(20, 'MUJER', 80, 6),
(20, 'MUJER', 90, 5),
(20, 'MUJER', 100, 4),
(20, 'MUJER', 110, 3),
(20, 'MUJER', 120, 2),
(20, 'MUJER', 130, 1),
(20, 'MUJER', 140, 0),
(21, 'HOMBRE', 15.4, 10),
(21, 'HOMBRE', 14.5, 9),
(21, 'HOMBRE', 13.5, 8),
(21, 'HOMBRE', 12.8, 7),
(21, 'HOMBRE', 12.2, 6),
(21, 'HOMBRE', 11.8, 5),
(21, 'HOMBRE', 11.4, 4),
(21, 'HOMBRE', 11, 3),
(21, 'HOMBRE', 10.6, 2),
(21, 'HOMBRE', 10.2, 1),
(21, 'HOMBRE', 9.8, 0),
(21, 'MUJER', 17.1, 10),
(21, 'MUJER', 16.2, 9),
(21, 'MUJER', 15.3, 8),
(21, 'MUJER', 14.5, 7),
(21, 'MUJER', 13.8, 6),
(21, 'MUJER', 13.2, 5),
(21, 'MUJER', 12.6, 4),
(21, 'MUJER', 12, 3),
(21, 'MUJER', 11.4, 2),
(21, 'MUJER', 10.8, 1),
(21, 'MUJER', 10.2, 0),
(22, 'HOMBRE', 714, 10),
(22, 'HOMBRE', 690, 9),
(22, 'HOMBRE', 666, 8),
(22, 'HOMBRE', 642, 7),
(22, 'HOMBRE', 618, 6),
(22, 'HOMBRE', 594, 5),
(22, 'HOMBRE', 570, 4),
(22, 'HOMBRE', 546, 3),
(22, 'HOMBRE', 522, 2),
(22, 'HOMBRE', 498, 1),
(22, 'HOMBRE', 474, 0),
(22, 'MUJER', 778, 10),
(22, 'MUJER', 750, 9),
(22, 'MUJER', 722, 8),
(22, 'MUJER', 694, 7),
(22, 'MUJER', 666, 6),
(22, 'MUJER', 638, 5),
(22, 'MUJER', 610, 4),
(22, 'MUJER', 582, 3),
(22, 'MUJER', 554, 2),
(22, 'MUJER', 526, 1),
(22, 'MUJER', 498, 0);

INSERT INTO requisitos_nivel (genero, nivel_exigencia, valor_objetivo, pruebas_oficiales_id_pruebas_oficiales) VALUES
('HOMBRE', 1, 0, 8), ('HOMBRE', 2, 0, 8), ('HOMBRE', 3, 0, 8),
('MUJER', 1, 0, 8), ('MUJER', 2, 0, 8), ('MUJER', 3, 0, 8);
INSERT INTO requisitos_nivel (genero, nivel_exigencia, valor_objetivo, pruebas_oficiales_id_pruebas_oficiales) VALUES
('HOMBRE', 1, 0, 9), ('HOMBRE', 2, 0, 9), ('HOMBRE', 3, 0, 9),
('MUJER', 1, 0, 9), ('MUJER', 2, 0, 9), ('MUJER', 3, 0, 9);
INSERT INTO requisitos_nivel (genero, nivel_exigencia, valor_objetivo, pruebas_oficiales_id_pruebas_oficiales) VALUES
('HOMBRE', 1, 0, 10), ('HOMBRE', 2, 0, 10), ('HOMBRE', 3, 0, 10),
('MUJER', 1, 0, 10), ('MUJER', 2, 0, 10), ('MUJER', 3, 0, 10);
INSERT INTO requisitos_nivel (genero, nivel_exigencia, valor_objetivo, pruebas_oficiales_id_pruebas_oficiales) VALUES
('HOMBRE', 1, 0, 11), ('HOMBRE', 2, 0, 11), ('HOMBRE', 3, 0, 11),
('MUJER', 1, 0, 11), ('MUJER', 2, 0, 11), ('MUJER', 3, 0, 11);
INSERT INTO requisitos_nivel (genero, nivel_exigencia, valor_objetivo, pruebas_oficiales_id_pruebas_oficiales) VALUES
('HOMBRE', 1, 0, 12), ('HOMBRE', 2, 0, 12), ('HOMBRE', 3, 0, 12),
('MUJER', 1, 0, 12), ('MUJER', 2, 0, 12), ('MUJER', 3, 0, 12);
INSERT INTO requisitos_nivel (genero, nivel_exigencia, valor_objetivo, pruebas_oficiales_id_pruebas_oficiales) VALUES
('HOMBRE', 1, 0, 13), ('HOMBRE', 2, 0, 13), ('HOMBRE', 3, 0, 13),
('MUJER', 1, 0, 13), ('MUJER', 2, 0, 13), ('MUJER', 3, 0, 13);
INSERT INTO requisitos_nivel (genero, nivel_exigencia, valor_objetivo, pruebas_oficiales_id_pruebas_oficiales) VALUES
('HOMBRE', 1, 0, 14), ('HOMBRE', 2, 0, 14), ('HOMBRE', 3, 0, 14),
('MUJER', 1, 0, 14), ('MUJER', 2, 0, 14), ('MUJER', 3, 0, 14);
INSERT INTO requisitos_nivel (genero, nivel_exigencia, valor_objetivo, pruebas_oficiales_id_pruebas_oficiales) VALUES
('HOMBRE', 1, 0, 15), ('HOMBRE', 2, 0, 15), ('HOMBRE', 3, 0, 15),
('MUJER', 1, 0, 15), ('MUJER', 2, 0, 15), ('MUJER', 3, 0, 15);
INSERT INTO requisitos_nivel (genero, nivel_exigencia, valor_objetivo, pruebas_oficiales_id_pruebas_oficiales) VALUES
('HOMBRE', 1, 0, 16), ('HOMBRE', 2, 0, 16), ('HOMBRE', 3, 0, 16),
('MUJER', 1, 0, 16), ('MUJER', 2, 0, 16), ('MUJER', 3, 0, 16);
INSERT INTO requisitos_nivel (genero, nivel_exigencia, valor_objetivo, pruebas_oficiales_id_pruebas_oficiales) VALUES
('HOMBRE', 1, 0, 17), ('HOMBRE', 2, 0, 17), ('HOMBRE', 3, 0, 17),
('MUJER', 1, 0, 17), ('MUJER', 2, 0, 17), ('MUJER', 3, 0, 17);
INSERT INTO requisitos_nivel (genero, nivel_exigencia, valor_objetivo, pruebas_oficiales_id_pruebas_oficiales) VALUES
('HOMBRE', 1, 0, 18), ('HOMBRE', 2, 0, 18), ('HOMBRE', 3, 0, 18),
('MUJER', 1, 0, 18), ('MUJER', 2, 0, 18), ('MUJER', 3, 0, 18);
INSERT INTO requisitos_nivel (genero, nivel_exigencia, valor_objetivo, pruebas_oficiales_id_pruebas_oficiales) VALUES
('HOMBRE', 1, 0, 19), ('HOMBRE', 2, 0, 19), ('HOMBRE', 3, 0, 19),
('MUJER', 1, 0, 19), ('MUJER', 2, 0, 19), ('MUJER', 3, 0, 19);
INSERT INTO requisitos_nivel (genero, nivel_exigencia, valor_objetivo, pruebas_oficiales_id_pruebas_oficiales) VALUES
('HOMBRE', 1, 0, 20), ('HOMBRE', 2, 0, 20), ('HOMBRE', 3, 0, 20),
('MUJER', 1, 0, 20), ('MUJER', 2, 0, 20), ('MUJER', 3, 0, 20);
INSERT INTO requisitos_nivel (genero, nivel_exigencia, valor_objetivo, pruebas_oficiales_id_pruebas_oficiales) VALUES
('HOMBRE', 1, 0, 21), ('HOMBRE', 2, 0, 21), ('HOMBRE', 3, 0, 21),
('MUJER', 1, 0, 21), ('MUJER', 2, 0, 21), ('MUJER', 3, 0, 21);
INSERT INTO requisitos_nivel (genero, nivel_exigencia, valor_objetivo, pruebas_oficiales_id_pruebas_oficiales) VALUES
('HOMBRE', 1, 0, 22), ('HOMBRE', 2, 0, 22), ('HOMBRE', 3, 0, 22),
('MUJER', 1, 0, 22), ('MUJER', 2, 0, 22), ('MUJER', 3, 0, 22);

INSERT INTO noticias (titulo, contenido, fecha_publicacion, oposiciones_id_oposicion) VALUES
('Datos oficiales verificados',
 'Bomberos CM según BOCM 122/2022. Bomberos Ayto. Madrid según bases 2025. Ejército según BOE-A-2026-436. Penitenciarias: sin prueba física en oposición.',
 NOW(), 1),
('Bomberos: Comunidad vs Ayuntamiento de Madrid',
 'Son procesos distintos con pruebas diferentes. En la app aparecen separados.',
 NOW(), 3),
('Ejército 2026: plancha y circuito',
 'Las pruebas de tropa ya no son abdominales 2 min + salto; son flexiones, plancha, circuito y 2000 m (BOE).',
 NOW(), 6);
